Dependency;GitTag
ITK;ce57f309f4f4142b80367fd89a88f8dac9d6943a
ANTS;871cad073908952b095e4b520335fc441e059264
ANTS;871cad073908952b095e4b520335fc441e059264
ANTS;871cad073908952b095e4b520335fc441e059264
ANTS;871cad073908952b095e4b520335fc441e059264
ANTS;871cad073908952b095e4b520335fc441e059264
ANTS;871cad073908952b095e4b520335fc441e059264
ANTS;871cad073908952b095e4b520335fc441e059264
ANTS;871cad073908952b095e4b520335fc441e059264
ANTS;871cad073908952b095e4b520335fc441e059264
ANTS;871cad073908952b095e4b520335fc441e059264
ANTS;871cad073908952b095e4b520335fc441e059264
ANTS;871cad073908952b095e4b520335fc441e059264
ANTS;871cad073908952b095e4b520335fc441e059264
ANTS;871cad073908952b095e4b520335fc441e059264
ANTS;871cad073908952b095e4b520335fc441e059264
ANTS;871cad073908952b095e4b520335fc441e059264
ANTS;871cad073908952b095e4b520335fc441e059264
ANTS;871cad073908952b095e4b520335fc441e059264
ANTS;871cad073908952b095e4b520335fc441e059264
ANTS;871cad073908952b095e4b520335fc441e059264
ANTS;871cad073908952b095e4b520335fc441e059264
ANTS;871cad073908952b095e4b520335fc441e059264
ANTS;276cf0717945d3dd3c4298c607d9d6a788ba574e
ANTS;276cf0717945d3dd3c4298c607d9d6a788ba574e
